Column Header,Row Header,Content,Row Index,Column Index
IDI-1 上海 徐先生（Bella）,基本信息,"男，29岁，已婚，企业运营
29岁男
现在手机苹果16promax
上一台手机苹果13promax
前五分钟待补充，很多东西需要补充",1,1
IDI-21 北京  王女士-OPPO典型用户,基本信息,"王雨辰 29岁 女 幼师
现有OPPO Find X8
上一台OPPO Reno10
待补充XXXX比较多，上厕所去了",1,22
IDI-1 上海 徐先生（Bella）,个人背景,已婚无孩（待补充）,4,1
IDI-1 上海 徐先生（Bella）,生活全景-工作日&休息日,"9：30-10：00通勤时间：地铁上看手机；到公司：处理琐事，上厕所；处理工作，看电脑
中午点外卖：午饭时间
下午1:00后：处理个人的事情，或者跑门店（70%个人时间，30%是跑门店工作）
Q个人时间：打卡餐厅，宠物店，自己去玩，基本上是打开餐厅+新奇的网红门店/艺术馆（有朋友/对象休息的时候一起，没有朋友就自己一个人）
晚上10点到家-12点玩电脑/steam/综艺影视剧情（台式机+笔记本同时操作），在卧室里面直接看，从来不看电视
晚上1点睡觉：12：00-1：00躺在床上刷抖音
个人的打卡很多：周末每天都要打卡门店（待补充）

个人生活重心【玩+赚钱】：还是以自己生活享乐为主，每个人都是独立的个体，都有自己首要需要做的事情；（Q自己做的：目标就是挑战自己，最近是在玩直升机，闵行那边的黄浦江）；次重心是赚钱；
",5,1
IDI-4  上海  黄先生（Bella）,生活全景-工作日&休息日,"【工作日-典型的一天】
坐地铁，9点上班；在这个时间点上下班，5点之后回家，会去运动健身。
【休息日】
自然醒10-11点，吃中早饭；和老婆出去逛街和打卡网红店；和朋友打羽毛球和麻将；吃完饭；晚上去微醺一下，然后回家
周末刷抖音/小红书和淘宝，晚上1-2点睡觉
待补充",5,5
IDI-20 北京  熊先生,生活全景-工作日&休息日,"【工作日】
上线前的高压状态：早上起来正常9-10点上班。


【休息日】
当下工作和休息日，

这部分一点没听见，需要补充XXXXX",5,21
IDI-22 北京  吕女士,整体评价（当下&未来）,"【生活重心】

【关键词】
忙碌：自己是独生子女，父母的年龄大了，父母生病，祖辈就要到处跑
偷闲：会做搞怪的事情，找自我的乐趣，和线下猫咖休闲的做心灵的治愈。找到方向和发泄一下

【理想的生活】
有勇气去突破紧绷的状态：尝试自己没有接触到的新鲜事物，不管是年龄再打也能体验不同的人生


【独处的时间】
待补充XX",6,23
IDI-22 北京  吕女士,工作-主业/副业/理想,"【工作内容】上班到现在上班10年，之前属于高端奢侈品类的，换的公司比较多了。
负责的事情：自己要做文案和营销，自己要做的内容是什么（比如新品新款的发布和通知，以及店铺的布局-店铺和平台店铺战略统一，和海外集团一致性，高端中端大众都有分布，有时候需要设计新品什么时候上架做全球的同意）
Q布货是基础的：总公司给的就是海报，研究怎么让中国人接受，海外公司和中国不一样，后面是发展很逊色的，要让老百姓接受。累计工作了7年了，负责的品类3年。
Q最近的跳槽：城中心的公司搬出去了，自己家在城中心不能花太多时间去移动，且就业竞争压力很大的。

【工作目的】
有贡献有意义的人；
独立：自己能养活自己
自我主义：家里会建议自己结婚进行下一步的时候，自己属于比较独立的，有自己的思想，可以帮助家里人，但是不要干预自己的生活
Q婚姻：想自己过，想体现自我，追求自我，自己活明白就好（Q自我追求：喜欢的东西就往前冲，入行开始就是喜欢高端的东西，没有接触过有新鲜的企业，同事都是事业型女强人，自己也觉得很有激情-因为工作激情比较高，也想成为女强人。

【满意度】8分
喜欢亮闪闪有价值体验，个人审美体验，个人品味的东西；人靠衣装马靠鞍，有追求感。有成就感，交税，自己不是一事无成的人。
但是加班时间太多了，陪伴家人的时间太少了

【理想工作】
想从事买手，不是困在公司里面，自己刚毕业的时候属于做信息数据处理的，上头是买手（世界各地跑），往自己国家进货（把国外的东西捞过来）
自由充实
美美的心情好
待补充XXXX",7,23
IDI-23 武汉 阮先生,工作-主业/副业/理想,"【工作内容】最早的时候是在建工国企，最早的时候是领导换了。10几年前国企改制，建筑类尽量不设置常规功能，每个人自己项目经理自己组队筹资，有项目中标以后内部去做。自己学习的不是工程是国际贸易，公司有机会去进一步学习包括工程造价投标等工程方面的，自己年纪轻还是比较浮躁的没有静心学习，后面发现没有竞争力优势，当时想了一下觉得对足球比较痴迷的状态，直接进入新的行业，当时也受到了体育公司的邀请（有人脉+资源+爱好）。
Q武汉分公司负责人，现在是大的公司的负责人（连锁的）

【工作目的】
爱好的扩展，自己的爱好变成工作，关注的是足球方面的，足球是体育方面的，体育活动+赛事，外围的活动。现在除了爱好拓展。XXXX待补充

【满意度】
自己喜欢的领域，时间是相对自由的。
不满意的是：随着社会进步，市场的卷，行业不是很好做，搞活动的也越来越少，很多公司活动会自己搞，不花太多钱去请。大环境也不好，疫情后2-3年没有业务，业务的压力比较大。年轻人太多，手下员工不是很游刃有余，没有那么多的热情度（工作的表现一般，不是很听话，加班的不太配合）

【理想工作】
演员：从小喜欢表演，自己平时也喜欢去客串。之前演过群演的，后来慢慢的自己还可以说到台词了。第一感受是来钱很容易，体验不同的人生，压力也没有那么大，把台词说好人物体验好就可以做的很好。老婆也从事相关工作，自己也会了解一点。",7,24
IDI-4  上海  黄先生（Bella）,"社交圈/朋友圈
【之前讲的是 能帮助营销借势的话题 才打开，比如汽车 比如机器人】","【社交活动】羽毛球/健身/篮球、认识朋友的朋友（酒局）
【社交圈】
1）运动类-羽毛球、篮球：
1-羽毛球有小程序（趣运动），可以报名，有很多附近的羽毛球场地，可以自己去加入；认识主理人也会有微信群，可以从中报名；更多不认识的朋友是通过小程序一起打羽毛球，多去几次都能认识。
2-篮球的圈子很固定，家附近的，一直打羽毛球会组织群（把家附近喜欢打篮球的加进去，邻里邻居，运动场附近喜欢打篮球的）
2）酒局-随机一点的社交：喝完几次酒都不一定有对方的微信，随机的概率更高
XXXX工作的圈子（待补充）
3）打麻将：羽毛球/篮球打完，熟悉一点的（以前的同学同事会组织大家一起打麻将）
排序：运动圈(重要）>工作（比较重要）>酒局（可有可无）
【最近社交-运动-篮球羽毛球-每周2-3次】去有名的徐家汇篮球公园打球，聊的主要是关于篮球方面的，不会聊过多运动意外的东西，篮球离不开健身/运动装备，喜欢篮球的基本都喜欢球鞋（运动装备的品牌、颜色、性能）。还会发起邀约问篮球打完干什么（比如按摩身体，或者去浴室洗澡）。后面就是吃饭喝酒。
Q带来什么：增长知识，知道自己不知道的品牌和产品，现在是不是越来越好，以后会不会购买。Q话题：吃饭的时候会有最近热门的抖音网红、美食/好玩的博主+篮球最近的NBACBA发展趋势（谁是联赛第一名）【没有什么意义，就是获取知识，后面变成一些话题】
Q个人定位：参与和组织者，自己去问今天有没有人一起去拉球；羽毛球更多的是参与者自己不是主理人（每天固定周二周五晚上的固定场次，几个好朋友突然自己想打羽毛球也会问有没有组局的）；Q偏好角色：参与者更多，不用动脑子，自己去就行，组织者还要安排时间场地，还要顾及各个人的时间和地点，距离远近还要调节比较麻烦。
Q带来什么【生活的丰富度】：健康，社交（陪伴，更多有喜欢羽毛球的人可以做别的事情、扩圈-就是拓宽自己的社交圈，可以有更多玩的人，可以有更多玩的活动比如飞盘，后续可以一起玩）
Q营造形象：希望自己是会玩的，什么都懂一点，这个人社会经历丰富。
【过去有，现在放弃的社交圈】之前初中的同学圈，大家的生活和工作距离越来越远了；联系少了，群没有声音了，生活和工作上的碰面少了
【未来想拓展的】露营+徒步圈子比较热门，身边有喜欢徒步露营的。Q目的：周末会去外地爬山，感觉看拍摄的照片，空气新鲜+享受大自然比较舒服，忘记工作的烦恼
",9,5
IDI-12 成都  卢先生（Bella）-0.2信息参考价值有限,"社交圈/朋友圈
【之前讲的是 能帮助营销借势的话题 才打开，比如汽车 比如机器人】","【社交活动】滑雪，骑车，烤烧烤露营，徒步，喝酒
【社交圈】
1）朋友：性格很好。有发小2个，大部分都是出社会认识的朋友（滑雪九顶山那边雪场比较好，会发附近拼车的时候，找搭子；路上来回就成朋友了0
2）兴趣圈：大部分都是兴趣带来的
Q大学同学：很少能成为朋友了，性格不太合得来，大学的时候租房不住校，自己喜欢早睡早起，作息比较养生，不像年轻人，室友习惯不一样会有摩擦。
3）工作社交：滑雪爬山徒步的很少，都是一些30-40岁的，平时除了公司团建走得近，其他生活中没有什么交集
重要排序：发小(从小认识的）>
【最近社交-发小】不拘束，什么都可以做很放得开，没有顾及。八卦，情感沟通。
Q话题：最近比较火的，一段时间很火的都会去谈论，什么都会聊。朋友们不聊数码产品（跟对象聊数码测评，这个有朋友买了会去问实际的感受）
Q最近科技产品话题：大疆随身摄影，但是去看了不是特别的喜欢。其他的就是装备（比如篮球的装备，去看球鞋测评）
Q形象：自己想给别人做一些动作，引起他们的关注，希望是被关注到的，比如会被问健身的、运动的，希望朋友觉得自己是专业的人（会带着朋友们健身运动）
*待补充",9,13
IDI-13 北京  张女士,个人消费与品牌,"【最近买的】联想笔记本电脑（更新迭代，最近要更大的屏幕，性价比很高的笔记本），刚刚上市预售的时候买的；小电动车（使用率很高，完全懒人的福利，替代自己的双脚）；按摩卡（可以长期使用）；2月份换的手机；扫地机器人无关痛痒，没有起到什么作用；
【小电动车】现在有很多电动车，随处都可以看到（接送孩子+出去玩很方便），不用蹬车，骑车子还能带着小朋友，骑车很方便（快+凉快+替代双脚），外观和样子，第一是去看品牌，品牌意味着内心的安全保障，电动车不像其他的东西（品牌电池是零事故，或者没有什么问题的）
Q品牌：大品牌有相对的保障，有问题能找到人，杂牌充电不知道什么情况，品牌质量有保障，骑车子掉链子回头有雅迪，更有安全保障+质量+售后。
Q最打动的点：续航很久，价格适中，比同类的更适中偏低（性价比综合是很高的）
【按摩卡】自从怀孕之前就喜欢按摩，从小就喜欢带着泡温泉，去体验从小就觉得很享受，让自己身心愉悦，自己消费可以的时候是不是会去享受，腰不好的时候会去医院做按摩。这次的按摩卡是新地方，有的时候懒得回家应该做什么就在孩子上课的附近找了做SPA的地方（享受2小时）
Q考虑点：团购体验1-2次感觉师傅手法都是可以的，很怕把自己的腰捏坏。店铺的规格（按摩店正经正规）。针对的是腿脚，脚足底有问题，有针对性的，选择了联想和热度，整体的感受是身体上的舒适和缓解

待补充XXXX

【消费变化】XXXXXX待补充",11,14
IDI-12 成都  卢先生（Bella）-0.2信息参考价值有限,"内容触点
内容具体是啥；吸引点和排斥点是啥；吸引点价值何在，排斥点是因为啥。
要么不提示，要么就提示多个方面：谈资、了解知识、提升认知、借鉴经验、指导消费、情绪价值","【平台】抖音-快信息，网易云-音乐，B站-电影直播体育赛事数码产品发布会，美图休息剪辑视频，AI（Deepseeek）-处理工作文档/编辑团建的微信公众号信息，keep-运动。
Q抖音，B站

【抖音】
1）看-点进去关注，不进推荐
【直播】成都直播，迈克尔杰克逊舞蹈模仿者，模仿动作和形态；现场很低调，说话风格是比较幽默谦逊的，被说话方式吸引；关联是网红浮夸的表现不是很喜欢，这种粉丝很多800万可以做的很低调谦逊（也是一种学习，这么成功很多的粉丝，肯定有自己的不同之处，现场说话也是很幽默和谦逊的）
【人民日报】实时新闻，国内外的政治新闻，发布一些有趣的内容（如科普视频）以一种风趣幽默的方式呈现出来。能够获取一些新闻，拍摄风格，经常本身是比较威严的，经常可以在视频中做一些搞怪的事情看着很有趣（自己很喜欢关注国家领导人的访问，第一时间推送，可能是看到自己国家领导人的接待规格和风格就是展示中国，看起来就很舒服，有自豪感，认可国家的强大），大部分是跟长辈沟通，自己在家到时间就看新闻（很多老年人喜欢找自己聊天，和老人交流陪伴的方式）Q心态：和长辈聊天无非是健康和关注的国内外的东西，更多是陪伴家人，周末都会去看望长辈-外公去世只剩外婆，是对长辈的陪伴。
【雪茄制作/品鉴】爸爸抽雪茄，家里有雪茄柜，自己不怎么抽烟，现在就觉得受父亲的影响，觉得雪茄是放松消遣的方式。纯自己一种知识的补给，了解这方面的东西，不是为了跟别人探讨。（爸爸不让自己抽烟，父亲对自己的影响很大）
【社会热点新闻】女子结账是有小偷，自己尽量不要遇到这样的人，满足猎奇的心理
【舞蹈】猛男跳比较妖娆的舞蹈，感觉很反差，有健硕但是舞蹈妖娆。目的就是让自己开心
【虎哥说车】说电梯在山脊上，未来可以去看；口音是东北的听着很舒服有点自带幽默感觉（之前是说车，把车子的细节给说一下，现在会插入不同的风格，现在会讲解日常和不同的生活状态）。光头的辨识度很高（搞笑+放松）
Q科普：外观，车子的独特的创新点，黑科技，驾驶感受，底板。比如最近想买车看车的时候，会搜索车的名字看测评+综合体验，很好的帮助自己选车。（也会跟别人聊天）。核心科技，智能操作，长辈很喜欢越野车，不如20万的新能源汽车。会和长辈聊天，以自己获得信息做辩论（Q感受：觉得自己逗他们玩，是相互的交流，是生活的调剂）*待补充
【财富论】通过表面的东西讲解真正核心蕴含的东西，可以看一下了解一下，通过表面的内容主题，去思考背后。比如两个领导人会晤，背后隐藏的契机和解答需思考（更多的是满足自己的兴趣，作为知识的补给；其次上会跟体制内的领导聊天，坐在饭桌上大部分时间都是工作以外的事情，看的东西自己也能跟他们搭上话，相当于是让自己变得更成熟一些不像小孩，可以进行深入的交流）
Q其他看的：手机测评；
【生活的科普】妈妈很爱干净，什么可以起到很强的情节，牙齿发黄怎没做，可以看看了解下。
【影视剧剪辑】花短时间去看，XXX待补充
【民谣歌手】【古代黑帮草菅人命的历史】了解恶人的过往（关联倒没有很大的，也不会深入思考，也不会其聊天，只是自己感兴趣知道）
【成都美食博主探店】成都好吃的地方，视频呈现的很吸引人，做提前的了解
【俞敏洪川西】喜欢他的直播，比较喜欢俞敏洪（比吴彦祖喜欢），感觉两个人的从事的领域和思维完全不同。艺人是青春饭，外观好看+包装。但是思维逻辑和新东方创始人不同，更倾向于看俞敏洪对事物的见解看法，更有营养。（网红的信息没有层次和营养，独到见解）
【原创歌手访谈】XXXX，喜欢的赵雷和梁博（不像民谣安静，但是也没有摇滚的XX），梁博的哥很好听，自己做音乐的创作能力很认可，且他们都很孤僻，内心是很丰富的，但极为敏感的人。（感觉自己有一点共鸣，比如自己从歌迷的角度去讲，很多歌手都在吃互联网红利，为了很多没有高度的东西去出现在观众视角。赵雷从来没有在社交平台活跃过，就很低调+保持初心

2）不看
【足球赛事热点】最近的比赛，最近是国足和印尼比赛，很早之前关注，发小喜欢踢足球。看的时候就是为了看国家队，其他国家的球队自己不了解，只知道梅西阿根廷，每次看国足都很伤心，就不想看了
【吴彦祖】对不是很喜欢的艺人的访谈类的视频不感兴趣，时间很长不想花时间，即使是名人的访谈也不想花很长时间（吴彦祖帅，但是自己更喜欢民谣歌手的访谈）
【广告不看】抖音的广告总感觉是骗人的
【老年人拍摄视频】拍摄的是景色，但是说一些其他的东西是不喜欢的，如果看到风景和说的东西不对应的会划走。
【贪污】喜欢看官方发布的，而不是听这种，感觉不是很真实，担心信息不够权威
",12,13
IDI-17 北京  胡先生,"内容触点
内容具体是啥；吸引点和排斥点是啥；吸引点价值何在，排斥点是因为啥。
要么不提示，要么就提示多个方面：谈资、了解知识、提升认知、借鉴经验、指导消费、情绪价值","【平台】微信公众号（之前关注的多），抖音，微博，小红书（简单刷，买lululeomn的衣服-因为这个品牌关注小红书，里面的图片更多。Qlululeom：独特，给爱人女儿买，挑选好看的买。科技面料，穿着裸感，没有束缚感）
Q主要的：抖音+微博
【抖音】
1）看：
【小孩子学习引擎的声浪】本身男生对于大排量的汽车感兴趣，还是有怀旧感的，特别爽快的感觉（个人怀旧）
【洛杉矶骚乱】了解国际时事，自己有一定的时间会看中央4国际新闻的习惯（自己要实时关注国际的时事新闻，50%个人爱好，50%投资策略知指导）
【说教的人生大道理】基本只看开头的很逗，手势很搞笑。正文一般不看了，看一个好玩。讲解的人生道理大同小异（比如吃亏是福）。感觉很鸡汤很被动，应该是怎么主动的迎接挑战。
【收纳】之前看过新房子交流方法去看。
【挑战自我的】室内蹦极的，看看到底怎么体验的，是否危险和刺激。如果好玩可以自己体验。（挑战的题材，看看是不是适合自己）
【演员】之前有日本的演员。有的时候会穿着自己演电视剧人物的过程/花絮，普通人没有机会体验，感觉现场一样看到工作状态，人没有办法当演员，喜欢演绎说相声，自己负责逗人（享受演员上台表演的感觉，有真实的体验和沉浸感）
【游戏】刷到游戏内容是自己玩过的超级魂斗罗游戏（怀旧的），讲解一命通关不开枪的挑战，非正常常规的挑战，纯靠躲避很牛很刺激，和之前的玩法不一样（达人级别）。吸引点就是崇拜，感觉很厉害的达人玩的游戏，不一样，与众不同。（只是自己看）
【switch游戏】讲解什么，愿意看的是什么。怎么玩的，有没有合家欢的感觉，双人一起，切水果土豆之类的。自己家里也想玩，关注手柄（自己本身想买一套一家三口一起玩，现在只有两个手柄），种草。
【华为手机】一些跨终端使用，无缝协同怎么操作的，对之后买东西有种草的过程。
【浙江广播主持人飞哥】讲解车子质量问题（自己拨打过热线），分享一些车主遇到的质量问题，是不是需要反馈，给之后用车有指导作用涨知识。主持风格也是诙谐幽默的。
【介绍楼盘】纯欣赏，以后有机会再改善
【餐饮卖券的】感兴趣的会去看
Q其他：手机的一些测评也会看，同级别手机和其他的测评（微博视频也会看）；个人爱好，手机更新换代很快，之后还得购买，平时要多关注了解。
2）不看
【卖东西的】房子，卖衣服的；买房贷款的不看
【车子直播】乐道，所有新能源汽车都会看，感兴趣的会看，直播浪费时间
Q其他：鸡汤过多的不看，房地产的交易过程的不看，展示楼盘户型可以看

【微博】看博主下面的视频，看节目表的哪个标题感兴趣，直接进入关注里面去看（科技博主-科技美学，lijieling，品牌的官方微博（很多信息都是比较官方的，因为有限制不能瞎说的），信息真实性更高；公众号和微信很多都是假的。新品的卖点不同点，产品的补丁贴士，使用应该注意的，涨知识（比如手机用坏了，里面的小东西功能手势是很多的，需要不断地学习）。品牌方（华为小米OPPOvivo，蔚来比亚迪）
1）看
【XXXXX待补充】旅游车队，南极，三江源头
【出的新东西】学生用的台灯，小米Yu7，热度比较高的产品（生活的，野餐装备也会看），纯求知感觉新鲜的想看看。牙刷品牌。阿维塔很喜欢，展会的预告也会关注到。蔚来。宜家是生活状态-崇尚自然，比较简单的。
【刷圈的】有参考意义，纽北的。看车子的极限最高速度，制动能力。现在车子的内容比较热，当下比较热，会去关注当下的性能表现。知道就好。",12,18
IDI-23 武汉 阮先生,"内容触点
内容具体是啥；吸引点和排斥点是啥；吸引点价值何在，排斥点是因为啥。
要么不提示，要么就提示多个方面：谈资、了解知识、提升认知、借鉴经验、指导消费、情绪价值","【平台】今日头条，抖音（80-90%）

【抖音】推荐界面
1）看
【体育的】篮球，女孩子有2.26m很年轻，因为是中国体育的也会去看，下面会弹某个人点进去关注下面的人的内容。点击图文去了解具体信息。自己打球的切片（中国国家队的篮球，CBA）只关注几个球员，女孩的个子高打法让人想到当年的姚明（想了解中国女篮没有出现这样的人物，可能会改变中国女篮）；Q下一步：关注这个身高的女孩子，很多身边人一起聊天女孩子长高是否有用；中国的体育会到达什么样的高度。
【麦当劳卖货】会看，自己的生活相关
【浙江电台测评人】测评汽车，杭州电台主持人，主要讲车。摆脱了老司机，比亚迪当时比较火（做视频切片），反馈的内容不像有剧本，汽车连线（遇到什么问题，连线4s门店）。自己有汽车，可能会对自己未来用车遇到的问题有关系，也会关注一下。（自己生活自己相关的事情，其次是增长知识）
【游戏】黑神话悟空的打法的，也会看。有的关卡过不去，看什么方法，特殊的道具，方式可以帮助自己过关
【新奇的主播】长相颜值高，新疆人；性格比较直爽，会了解她们的生活习惯。可以听他们的普通话是不是很标准，偶尔听听新疆人说的话。
【哈萨克斯坦】很多亲戚，回哈萨克斯坦，买了很多国产汽车送回去，拍摄了很多视频。正能量，对中国国货的宣传，了解国外的生活（拍摄了很多内容，汽车怎么运回去，大家的反应；大家一起吃饭；家里有很大的改变。（国产车很强大，中国的产品也是有影响的，中国很多方面发展都是很值得信服的）；感觉中国汽车的质量和科技是世界领先、被认可的。
【汪小菲】和家里人的小互动，汪小菲是名人，大s去世，孩子也是关注度是大家比较高的，可以看一些他的生活切片和互动。汪小菲和自己的年龄差不多，儿子也和自己的差不多大。汪小菲是京城四少之一，女朋友都是张雨绮等很漂亮的（话题度，风风火火的妈妈）；关注平常说话和处理事情的方式；性格和自己很像，性情中人，碰到的事情容易暴躁

2）不看
【XX】内容不喜欢，音画不同步
【小孩子】小孩子踢球的内容，看不清楚，基本上就是自己认识的人，去看一下小孩子是谁（哪个熟人的小孩子）
【装扮】第一眼不是很喜欢的，点击进去的时候不知道讲解什么只能看到是台湾人。说唱歌手，不是很亲民的感觉-打扮说话，自己对说唱歌手不是很感兴趣
【不认识的人】不会往下看
【女性主播】除非是自己喜欢的明星，要不然自己也不认识；
【演绎感太重的】不是一个一眼看到的演绎的，也有喜欢的驾校的博主（演绎感过重的）。不是很真实，和自己平时看到的不一样
【训练后的宠物】知道怎么操作了之后（长期训练的）搬水，自己不喜欢拿宠物做这些事情，不真实的。像演绎的感觉。

【今日头条】搜索功能为主，视频和抖音很多重复的
1）看
【黑神话】热点新闻，当作搜索的工具。
【待补充】所有的，如果是官方的象征，官方媒体的，不论是社会还是体育新闻，自己打开之后看哪一个。腾讯网和头条，不是第一时间发布的，更多自媒体发布的。人民日报的，不管是新华社（在意官方的真实性）

抖音看军事专家的采访和评论（军事装备的切片，丰富自己的知识储备）

QB站：会看横屏的，发布的切片时间更长。体育类，时事新闻，国内外的见闻vlog（觉得比较新奇，对自己国家和城市的认可）
Q小红书：不怎么看，不符合自己的使用习惯，偶尔看看活动的赠品之类的。感觉名字适合女生使用，偶尔看感觉像购物+大众点评（吃的/喝的感受，下面也有购买链接，很像大众点评的界面），点开首页会看到很多推荐（玩的地方，化妆品的比较多），美妆博主的比较多。
Q头条关注的内容：不知道一些新闻内容的时候，家里东西坏了，自己皮肤过敏，当作百度使用；2）体育赛事/录像，了解比分，除了自己有软件（懂球帝-关注足球最方便有比分结果录像-被华为下架了，现在用直播吧-也不是很好用，只是关注的一些结果；第三选择是今日头条和抖音）；搜索：工作中碰到的一些人物，不知道是谁的时候（不管是艺人还是体育明星的时候）",12,24
IDI-6 成都  张女士（Bella）,自我标签,"活泼：
搞笑：
有趣：
Q抗拒：廉价-不管从谈吐还是个人的身世和穿着，不是很喜欢这种感觉
Q独特点：待补充",13,7
IDI-12 成都  卢先生（Bella）-0.2信息参考价值有限,品牌当下印象,"华为：
1）富有创新的（华为P70出来的时候有微缩镜头，研究了问界的汽车（M8），是很不错的汽车科技感很好（隔空开门，车机没有升级））；
2）智能的（车机互联，手机操作丝滑；手机智能助手-交流的时候像智能的伙伴，比苹果知道的多（华为不知道的时候会用人的思维方式说出来）
3）高端的：非凡大师，三折叠；但是RS价格贵了3k多。高端=贵
4）品质一流的：之前系统操作丝滑性很好用，感觉和苹果不分上下，品质芯片是领先于其他品牌的手机的。之前觉得拍照很牛，很喜欢拍摄月亮很清晰，苹果pro max比不上不是一个级别。现在还是延续了这个印象，更换手机的时候就是川西出差的情况比较多，需要高清只能远处拍摄。
荣耀【信服力比较低（品牌的营销，有看到线下广告和明星代言+广告策划）；国家对华为重点的培养，好的东西都在华为上；华为在很多中心商圈的门店很多，荣耀的门店很少（感觉对产品的综合了解比较少，自己会刷视频看到明星代言注意过）；荣耀的字母不加强知道怎么拼写的。*荣耀的品牌不知道logo怎么拼写。不知道荣耀的字母怎么拼写的。】：和华为的品牌定义差不多，没有华为的信服力那么强。荣耀是华为的子品牌，感觉科技方面的东西，智能差一点【华为有智能汽车，更有智能感】（整体荣耀手机的使用感受，和华为P系列差不多，只是摄影稍微能力欠佳一点）。华为造车可能在科技上略胜一筹。性价比高：用料芯片系统手机的上手的材质体验，还是和华为没有很大的差异，但是价格会更便宜。价格上不是那么高端。但是后面使用的过程中可能会发生卡顿和需要提醒内存清理（美颜的效果有一点失真）。知道荣耀和华为是分家的，但是对品牌的印象不是很深刻。
Q变化：配置还是很好，数码测评的感受是芯片都用的差不多。
苹果：挤牙膏的升级（过去是有科技感的升级），内核升级很慢，外观设计还是比较前卫时尚的。拍照拍摄人像还是比较真实的，没有过多的修饰。耗电很快，后期的维修有一点麻烦。很年轻化（很多年轻人用，高中人拿的是苹果手机）；时尚感（一贯的设计语言没有变换过，以后不确定是不是三年更换一次）；经典（外观不过时，现在看还是很好看的）。比如AJ的板鞋球鞋还是好看百搭的，设计还是很经典不落伍的。Q变化：之前觉得苹果手机升级很多，现在觉得就是服务于消费者，现在很多东西没有什么变化，现在买有一种割韭菜的感觉。
OPPO：没有使用和了解过
vivo：小折叠，适合女士的（因为自己只用过vivo的小折叠，是妈妈买的，自己试用过一段时间）；跟一些综艺做一些合作比较多（之前看综艺的时候经常看到）
小米：适合学生使用，高性价比，很好用。价格对比华为苹果，还是很良心的，该有的功能不输华为，没有因为价格低阉割。创新度数很高（过去使学生）现在性价比高，创新度高。XXX待补充。雷军很红（国家重点扶持）。华为小米被国家领导人接见，很多很好的东西第一时间使用到，自己用的更放心（不担心偷工减料）",16,13
IDI-14 北京  陈同学-需要补充信息（红色标注）-关注AI,品牌当下印象,"【小米】年轻（最近小米除了su7和yu7，都是参考跑车的设计理念【老年人喜欢路虎，年轻人喜欢运动的】；小米会选择玻璃的材质，符合年轻人的口味）；注重设计（汽车的设计参考了跑车，手机设计参考了成功的设计比如苹果）,Q看法：也是年轻的表现，学习的品牌也是年轻的
1）家族化设计（苹果13开始都是目前的外观，感觉至少不会一年一变，让人摸不到头脑；前有基础上优化，不会出太多的问题）；宣传的徕卡（广告一直宣传徕卡摄影，感觉形成了标签），感觉手机的摄像功能更专业；系统（流畅度，软件多开是否卡顿，更新的速度，人机的交互；感觉用的比较舒服，很丝滑-关键按键放在大拇指一侧，操作舒服+人性化设计）
Q有的时候会卡住
2）雷军+小米强绑定，没有什么评价，就是印象比较深刻
Q变化：从性价比到高端了，之前的产品是量大管饱，之前注重实用性。现在是摄影（和徕卡合作+风格化设计很多滤镜）往高端看齐（影响，系统【系统的流畅，自研，适配程度】，外观设计，AI-先进的技术作为高端的卖点【Q支撑点：AI融入到日常生活，聊天等方面了】，功能）。
【华为】待补充
自研：有能力的，待补充
高端：价格贵，仪式感（三折叠，盒子打开之后有一层膜；售后服务也是覆盖的全面的，还有让人有专门的交流机会（买同样手机的）；网络上铺天盖地的宣传；有独有的铰链技术
科技感：有技术的
影像：
Q变化的原因：无
【苹果】
1）品牌：乔布斯代表苹果的设计和理念，用起来舒服，当时很引领时代（很跨时代的设计-功能的，苹果系统，手机解锁方式）；Q现在：没有当时那么多了，程度有下降
2）产品：价格贵（有点高端感觉，系统也对得起价格），视频录制+拍照很好，自己有ios系统（自己的生态+自己的理念-用起来舒服），新发布的产品没有太大的变化
Q没有用过：安卓用的习惯，苹果一时间不习惯。
Q身边人：红米，苹果，OPPO
【OPPO】
1）现在专攻摄影：OPPO和哈苏合作，摄影的表现比较高端；自己的调教也是很好的
2）设计跟随时代：边角圆滑，设计也是不像之前那么松散，比较紧凑；之前镜头和手机壳之前有缝隙（现在的工艺更好）；手感好（新材质，玻璃背板，钛合金；评论+上手体验）
Q之前的印象：性价比，之前卖的是各个功能都有，价格比较低；
【荣耀】有华为的影子，做的东西有华为的味道，有一些传承在里面（正向的，有传承就有发展）。AI方面的。有自己的研发（有专门优化的办公AI）。稳重（很多卫星通话+电池续航，感觉适合办公人士；自己的联想感受到的-商务人士就是想办公方便，大内存，快速处理文档需要AI的帮助【关注到产品特点，自己的联想】;
Q如何看待：品牌想走商务路线；有自己的设计理念和主线（方便办公）；有研发能力的（青海湖电池）
Q变化：之前是对华为的印象，设计的有自己的理念和主线了
【vivo】最早是蓝色的标；感觉现在也更高端了，提升摄影能力（通过高像素+AI算法加持+一堆博主测评都会有）。也在进军高端的感觉。",16,15
IDI-12 成都  卢先生（Bella）-0.2信息参考价值有限,自发提及,"待补充
对比手机外观，摄像功能，电池耐用度，快充+超级快充。从中挑选2-3款进行最终的对比。选择之后价格也会考虑，也对比了非凡大师，看了两个的测评，除了手机的材质玻璃没有差距，不值得花更高的预算。最终决定买华为Mate70 pro+，喜欢圆形的镜头模组，价格也很合适，拍照摄影电池，科技系统的电池都还可以。整个购买周期是一周左右（从打算换到买入）",17,13
IDI-2 徐女士（Bella）,对产品的初步设想,"预算：7-8k，之前的手机都是这个预算。5-6K的功能性不是很好。8k+的试错成本比较高了，再高一点会心疼。
要求：待补充",19,2
IDI-21 北京  王女士-OPPO典型用户,对产品的初步设想,"【预算】没有要求。后续是4-6k，8k也可以接受（如果很喜欢）
【上限】6K是心理预期，自己更换的比较勤快，3年也是比较勤了
【下限】2-3K不考虑，4K+芯片有保障；6K左右的都还可以，6
待补充XXX
拍照：长焦+像素（拍照更清楚）+电池大（旅行要求）",19,22
IDI-8 成都  李同学（Bella）,购机过程各个机型排除顺序,"【认真考虑的】苹果14ultra，Find X8，荣耀Mgaic，vivo X200s，华为13 Nova
【考虑并排除顺序】
XX待补充",20,9
IDI-15 北京  杜先生,购机过程各个机型排除顺序,"【知道但是不考虑的】最开始品牌+产品都关注
OPPO：日常接触比较少，宣传的不多；
苹果：没有AI功能，不智能（直观的感受，当然AI也可以有替换）；仿生芯片不知道能力如何（综合原因：手机都有AI但是苹果上没有，是有个没有的区别差距比较大了），XXXX（待补充）
Q排除苹果：像骁龙和天玑，可以有很多AI替换产品，综合方面也不是很行
小米：品牌上排除，手机不是重心，迭代的不够快

【考虑并排除顺序】
pura70/vivo X200/荣耀Magic7",20,16
IDI-16 北京  季先生,购机过程各个机型排除顺序,"【知道但是不考虑的】
OPPO：感觉塑料感低端
vivo：感觉游戏手机可以看看，但是主用手机不行，自己还要用办公；且自己会考虑安全性，据说鸿蒙next系统，微信打开相机打开的是自带手机的相机（不像安卓手机打开是微信的相机，华为的安全性上会做的更好一些）
【考虑并排除顺序】
三星S25/荣耀M7 pro（外观造型吸引）/小米14U/华为M70 pro（标准的放弃了，直面平+减配+处理器9010）

具体是因为什么 让消费者觉得安全性更好一些，起码是比vivo好一些
华为：据说鸿蒙next系统，微信打开相机打开的是自带手机的相机（不像安卓手机打开是微信的相机，华为的安全性上会做的更好一些）*荣耀感觉和华为有关系，可能隐私保护也还可以
小米：安全框架，澎湃系统，也有隐私保护做的比较好的；底层框架脱离安卓了，1）线上看到 2）线下店员说，更新的时候有说明和解释
荣耀：感觉和华为有关系，隐私保护也还可以；AI通话，荣耀也是有这个功能的；XXX（待补充）识别度比较高",20,17
IDI-8 成都  李同学（Bella）,产品对比-最早知道,"【苹果16】微信关注了腾讯新闻，知道的是苹果16调色盘；小红书也看到了调色盘很伟大的推销视频。（调色盘很伟大）。最开始知道的是外观设计不一样，外观有变化（第一感受是可以接受的）。便捷的切换滤镜，找到对应的照片XXX，可以一键处理就很方便。
Q喜好度影响：增加了吸引力
【vivo X200】：XX渠道【夜景拍照神机】，有期待
【OPPO X8】：仿苹果设计，外观，边缘，和苹果很像（生态互通），有巨大的摄像头在后面。吸引力7分，想看怎么设计的。（自己觉得还好，OPPO印象里是热点捕捉达人）.Q怎么看：不是完全的抄袭，半抄
【小米14 ultra】男朋友推荐的，使用情况好，拍照好看。
Q为啥不看小米15？？？（待补充）
【荣耀Magic7】小红书上看到的，屏幕大，从荣耀数字系列到Magic7的使用体验，想去了解一下。从用户自己的使用体验（换机的真实体验）。文档的处理更方便，长按可以复制文字粘贴拖住到边缘可以发送。其他的就是使用，整体使用体验流畅丝滑。（Q吸引力：4分，这种只是还好，自己没有复制粘贴文字的需求）
Q当时也看了荣耀300：旅拍神器是荣耀300，两个手机都是一起的，旅拍就是300的。数字系列和Magic系列是对比过的，旅拍功能是荣耀300的。
Q续航长充电快，朋友也会说到打游戏的时间很长。",21,9
IDI-7 成都  罗先生（Bella）,信息搜集/决策,"1）B站【对比影像】：2025的618换机攻略，索索5k+手机。自己之前给岳父买了M7 pro（加价买的），岳父有问界的汽车（有邮购券），摄影摄像都非常清晰。拍照还原度不如苹果，比较真实（之前觉得），但是刷新了认知。
芯片要么9400骁龙8至尊：没有什么对比的，半斤八两
屏幕亮度对自己而言不重要，差距不大
扬声器：自己也不关注
震动马达：自己不开震动
超声波指纹：不是很关注，但是有比没有好（湿手解锁）-B站横屏的时候有。
华为有红枫，vivo蔡司主带真实+长焦微距（蚂蚁和密封的虚虚都可以看到，不是看多远，而是看多近距离【对于普通用户】）效果更好。oppo ultra还可以，ai更自然，vivo更锐化，博主说oppo人像更合适，vivo拍摄细节和景物（更饱和细节和清晰）适合。但是vivo X200 pro是碾压的oppo pro的。
Q荣耀：没有在横屏出现过了
2）B站影视剧风：看了vivo X200 pro的，大底进光量大，炫光，但是因为有炫光价格下降（感觉自己还捡了便宜）。

Q线上看完，基本决定vivo了

3）线下门店：去看了vivo，网上有补贴（超过6k的手机也有500元的国补）。四川这边OV都是一个老板和代理商，建议X200 pro，价格上相同价位，炫光上带手机壳不会炫光（不是大问题）。店员说不建议买ultra，当时自己一定要买1T的（虽然说清晰，代价是质量高），很占用内存。XXXX（待补充）

3）自己搜索XX：很多小功能，快速分享+原子岛+AI回复信息，XXX特别多的小功能，还是挺有用的。每一个应用都可以双开（有了更好，很厉害，没有实质的改变，万一有特殊情况可以用到）。系统人性化，做了很多的调研的。源自笔记（识图+语音速记）",22,8
IDI-9 成都  张先生（Bella）-典型用户,信息搜集/决策,"1）小红书：搜索小米15，用小米比较多，还是用小米搜索，第一家做Ultra的品牌。虽然很久没有选择小米了，是自己固定的习惯，换手机的时候第一眼先去看小米。【外观，芯片内存，电池，屏幕参数，影像能力】
小米：中庸，外观不是很好看，影像能力不是很突出
苹果：价格太贵了【出局】
华为Mate70：价格贵，最新的芯片不如骁龙前几代的芯片，看了评测+下面的评论（说虽然是自研的最高端的，但是和国外的芯片还是有差距），看了别人的使用体验【出局】
华为Pura70：影像只有3颗镜头，也是参数的评测，更多是靠主观；各个焦段摄像头尺寸+感光镜型号+焦段覆盖都看到了；芯片和Mate70差不多【出局】
X8 pro：拍摄样章，不是很惊艳，和Ultra系列还是有差距在。前面看下来制约的因素是镜头数量+联发科芯片。样章比不过X7 ultra
vivo X200 pro：背板的配色做工比较好，镜头模组做了日晕月晕的设计更有设计感。拍照比小米15 pro 5
Magic7 pro：焦段比较广，基础的硬件，屏幕护眼（独有），XXX，特别之处会更多
XXX（以上对比待补充，有一些机型没有记录到）

2）线下（小米OV）
小米：质感不是很好，外观不是自己喜欢的；系统和几年前没有一点变化【出局】
OPPO：联发科芯片不是很满意，希望自己更高的价格买到的手机是骁龙的
vivo X200 pro：店员态度很差，聊影像的时候，一直在说价格，感觉看不起人，说X100ultra会更贵",22,10
IDI-16 北京  季先生,信息搜集/决策,"1）抖音李大锤：
华为Mate70Pro+：钛合金边框，双卫星通话（感觉有吸引力但不是很大，需要有电信的卡，露营去远处的时候能用到；比M60的卫星通话有优化-需要站在高处找），电池容量pro+大一点
荣耀M7pro：发热严重；任意门传输方便（办公）-感觉门店办公使用的时候有需要
14U：实际体验，大部分反馈镜头太大（其他人反馈还ok）-握持不舒服+买套件会更好（但是已经足够硌手了，有套件更臃肿）

1）抖音其他评测
华为Mate70Pro+：背板金丝，除了价格高买不到货没有看到太大的不好
荣耀M7pro：发热严重；
14U：硌手，玻璃背板粘指纹、素皮背板后期变色
【排序】华为>米>荣耀
华为：没有什么不好，用的上（耐用+双卫星+外观很好看，金丝和白色都可以）
小米：要出15U了，除了握持手感，其他都ok（如果没有70+，就会等15U去对比）
荣耀M7pro：发热，造型和M50基本一摸一样（没有新鲜感），扎染的效果不是很喜欢很乱的，喜欢纯色

2）线下门店：拍照都还可以比较清楚
华为：
没有现货，有两个展台；5.0鸿蒙next系统线上看的时候已经知道了，评测时候说微信用不了（更新的微信乱码，人脸识别有问题）Q兼容有问题：可以买4.3版本的，等稳定了再去更新5.0
背板发热是热的，但不是烫手的，运行起来有热度，来回切换
拍照：看清晰度，拉远；AI消除，算法的复原是比较好的
荣耀：打开游戏+测试（待补充测试方式），感觉确实发热严重；没有注意到AI消除功能
【排序】华为>米>荣耀
售后，有没有货物，需要等待多长时间






自带运行游戏看发热情况",22,17
IDI-21 北京  王女士-OPPO典型用户,信息搜集/决策,"1）抖音推送：很多的手机品牌不喜欢，就不是很关注。根据推荐的次数和频次选择手机进入下一步
OPPO：Qophone：抖音知道的，学习了苹果，尺寸很小，给不能用苹果的用户苹果体验；也有说没有自己想法的。自己是觉得挺好的，节省很多事情（待补充XXXX）
抖音放水里（不用买潜水的，直接用手机拍摄，旅游的时候需要）

2）小红书：尺寸大小/颜色/拍照前后置像素
OPPO Find X8：pro的电池更大，整体更沉。颜色标准的更多（外观选择）。
Pro背板颜色好像有条纹的感觉（好看），但是像素差距不是很大。日常拍摄推荐Find X8。专门的拍照档用pro档（当时还是有犹豫的），当时更偏好OPPO标准档（直面屏手机）
华为Nova13：普通版的电池比OPPO大，但是整体的尺寸大小和重量大了；拍照很好看（像素差不多，但是样章的印象很深刻）。颜色没有什么特别的，只有果绿色（线下看也只看这个颜色）
小米15 /15pro：（待补充XXXX）对比了华为拍照，pro的长焦要更大，会吸引自己去线下看。笔记还是提到，日常用标准版即可，只有看演唱会这种场景 会用到长焦。当时没有考虑这个需求，演唱会是今年3月的；且演唱会场景不是很频繁，实在需要也可以租借手机
QOphone概念：还是挺好的，OPPO听到了我们的想法，日常用苹果的传输都是和苹果互传，和我们用安卓的传输很麻烦。不在乎黑子的想法。

2）小红书：交叉对比：两两对比
oppo：防水（日常的时候会带壳子，但是自己很喜欢轻便，离开单位的时候都是裸机-拿着舒服；抖音知道的）；互传加分；live图片；实况
华为：拍照加分；风景还是很写实的，清晰的，人像脸上的瑕疵放大还是可以看到的。
小米：生态互联加分（想着不能家里东西用不到）
小米>OPPO>huawei(尺寸大，担心握持不住）

3）门店：主要看外观，感觉参数差不多，日常需要的距离都能满足
华为Nova：尺寸很大，太宽了握持不住（太宽了直接排除）
小米：颜色比较普通，都是黑白的，有个特别款的白色很好看，但是发现是玻璃的质感很粘指纹
OPPO：极窄边框（外屏），背板的粉色（很喜欢粉色，壳子是磨砂的，裸机使用体验很好），大小尺寸重量很合适
Q小米14 ultra：需要单独加镜头，不加镜头拍摄也不错，但是上手不如OPPO更轻巧。增加镜头只是到还好，需要更清晰的时候用相机更好


线下门店看好直接购买了",22,22
IDI-22 北京  吕女士,信息搜集/决策,"0）朋友圈+微博（推送）：机型外观，没有主动的深入，但是还没有主动想换手机的想法。知道手机要上市了，知道了这件事情
华为Mate60：图片，芯片（大概了解）
苹果16：图片，芯片（大概了解）

1）B站：直接搜索机型-新品发布会
苹果16：看的比较多，苹果当时讲解是贴近生活的。说苹果恢复了现在的外观，背面超瓷晶体（生活息息相关，不会耽误你的工作），芯片更流畅不卡顿，不会发热；AI（生活拍摄等等）；生态系统（处理文件不需要零散的传输，更简便的传输-不需要icloud，直接流传到电脑上，自己家里是苹果电脑/耳机/腕表都有；之前是各自用各自的，现在就是直接拍照就上传，不需要插入U盘查找了）；外观Plus的颜色很多，感觉看重了粉色（是喜欢的）；
华为Mate60：华为的广告，拍照更清晰。微距。实际使用的时候，博主呈现的照片，昆虫的腿和毛都很清晰。当时搜索的是优点和独特性（博主是怎么夸奖的，和实际操作的是不是一致的）。芯片是回来了，麒麟9000s，不像50花大价钱买4G，驱动性更强劲了-现在更流畅了，视频加载的速度更快。
结论：有兴趣，感觉拍照不失真。当时觉得玩游戏打开文件不会卡顿
小米15：好像搜索过，没有什么很深的印象

2）小红书：各个型号的对比，对比图片。
小米15和15pro：屏幕不一样，曲面和直面的；AI换天（一键换天）；小米华为的实时语言转文字，翻译（和生活工作相关）。不是很喜欢曲面的屏幕，感觉边缘会变形，更喜欢大直屏。各自的优缺点，当时还对比之前的缺点，攒下来，当时主要是看优缺点，方便自己去线下自己的咨询。
Q其他优点：XXX待补充
苹果16Plus：有作用，看外观是否美观精致，镜头是否有升级（看噪点）；像素升级了；有提升。A18是疑问点，也会去线下问

3）线下品牌专卖店：换了新上市的手机，小红书评论，卡顿的问题，是否改善
小米：线下还没有手机，看的是小米14。也是pro和直面的屏幕。背部是方+方感觉比较协调，但是感觉背板不是很精致-镜头占比偏大，感觉很突兀，不是很美观。询问烧瓶的问题，店员说不好说。【排除】
Q结论：销售和线上主张性价比，感觉很容易坏
华为Mate60：刷手机-看是否流畅，看文本是否卡顿顺畅。还看了Mate60和pro也是曲面和直面的曲面（自己要直面屏幕）。拍照更专业。
Q结论：验证了自己的线上的信息，可以继续考虑
苹果16：更多也是听店员描述，看是否有国外不同的点（知道的是国内没有AI，联动体验了生态产品，店员说电池升级了，之前是半天，现在续航增加了，摸了屏幕感受了真机没有塑料感-华为和小米比较粗糙）
【结论】华为和苹果还可以再对比

4）二次去线下：
华为：要求生活和办公玩游戏，当时门店第二次再去的时候，感觉发热比较快，自己的理解是玩游戏的时候发热（网友说大功率更费电，自己感受玩游戏是否卡顿，玩下来还是不顺畅，自己很关注屏幕的画质精美度-画质不如苹果真实；刷新率还是差点意思）发案。
Q纠结点：华为的信号也好，自己的体验也是华为信号好（店员说覆盖率广泛）",22,23
IDI-2 徐女士（Bella）,最终购买,"【最终购买】：用下来还是想支持国货+安卓系统，可以继续去使用，包括苹果确实没有任何的创新。
华为Mate70：鸿蒙系统（大家的讨论热度高）+芯片+实用性很强（如果手机快没电能几秒钟秒充电，充电后还是在这个界面；一半工作一半看剧看直播；家里人有买过手机？？？XXXX）+价格性价比比较高+信号很好+隐私性比较好（不想被同事看到的，可以放在隐私系统）

关键：社交场景-外观（对着镜子拍照比较好看）
比较重要？：XXXX，办公场景：丝滑的使用手机，不要卡顿；游戏场景/微信小游戏（待补充）；",23,2
IDI-21 北京  王女士-OPPO典型用户,最终购买,"【最后买OPPO】外观颜值是第一个，其他的对比过了，轻便。重量。方便性（其他几家没有介绍，送无线充充电宝-恒很方便）
Q待补充（xxxxxx)",23,22
IDI-22 北京  吕女士,最终购买,"【最后购买苹果】
外观：外观更精致+辨识度更高，材质摸起来更高级（超晶体）；全面屏更宽更大-窄边框；（前面蓝宝石后面超晶体）
拍照：有提升和改善（暗光拍照有改善，拍摄完呈现的效果更真实，杜比影像-之前拍摄的丑是更真实）；运行不卡顿（一如既往的流畅）；1T（pro max）大内存；生态系统（有其他的产品可以体验，更贴近自己的生活）
Q看到博主的内容：XXXX待补充

",23,23
IDI-6 成都  张女士（Bella）,"
不可妥协
外观/芯片/操作系统/拍照","【影响购机考虑的场景】续航时间长，之前的苹果手机电池太小了；拍照功能，苹果13会比较锐化就很难看（安卓手机拍照都做的很好，很多安卓手机美颜会比较过，但是近1-2年还可以）

【整体购买的关注点】外观，电池，拍照，系统（流畅+UI设计），AI（所有手机都在做，不能没有），价格，品牌
【不可妥协】外观（跟衣服一样），系统丝滑（不想用起来很卡顿，用起来交互设计做的比较差；切后台的时候），性能（电池+AI）
【不可妥协-场景相关】
1）外观：拿出来本身的外观设计需要好看，任何时候拿出来都要好看
2）系统：平时切换应用、刷抖音的时候不能卡顿。在家里的时候。
3）性能（包括电池+AI）：用的本身就是性能，电池一定要大电池，用手机比较多，不喜欢一直充电。AI：隐私保护这种，XX（待补充）
【可妥协】
1）拍照的要求不会很高：说的不会很差，能做到平均的标准就还行。比如拍摄人物的时候清晰（美颜不会很过）。
2）品牌：
3）价格：",24,7
IDI-8 成都  李同学（Bella）,"
不可妥协
外观/芯片/操作系统/拍照","【购机考虑】拍照，性能（芯片续航充电），生态，AI方面语音助手（siri，你好YOYO，小米小爱）语音助手（不想打开手机直接喊），外观（质感/手感）。补充：价格+品牌

【不可妥协】性能，拍照
【可妥协】生态，AI方面语音助手（siri，你好YOYO，小米小爱）语音助手（不想打开手机直接喊），外观（质感/手感）
【有了更好】品牌（有更好的品牌也可以更换）
Q价格（待补充）

【不可妥协-场景相关】
1）拍照：真实，不能锐化，不要磨皮美颜；早上拍摄美食，宠物，人物，风景，夜景。所有的拍照场景综合考虑。
Q食物：吃饭的时候，都会拍摄记录。拍照很重要，是记录回忆的东西，可以翻看相册看到。对手机的需求不是同一个需求都在一个手机上，芯片都是可以搭载自己的使用情况，更多的是关注拍照（小红书上带的风，小红书上很多拍照的帖子）。Q记录生活之后又怎样？：需要展现出来给别人看，也会分享到社交媒体上。（如果硬要选择是分享的耕读，照片拍摄的可以+故事感，自己也会觉得很有成就感，很开心）
2）性能：看网上的测评博主，有一个高中同学学习计算机的会把截图找到问好直接发给懂的朋友。Q自己的要求：芯片持续用2年，不会出现13卡顿的情况。学习通上做题考试一定不能卡出去。Q续航的场景：出门在外没有带充电宝的时候需要考虑，不方便充电的时候。Q充电速度：喝下午茶的时间，手机把电充满。

【可妥协】
1）生态：隔空投送文件，平板修图看文件（用大屏更好），实况+静态+视频【学习+生活】
2）语音助手：特定场景会使用，手机上很多泡沫，和其他人通话。但是现在的语音助手发展的都比较好（不会出现听不懂，人工智障的感觉，自己也有场景需要）
3）外观：直屏小手机，有的时候骑电动车需要单手握持，小手机单手握持，不能接受很大的摄像头（很大的方或者圆形），如果手机都很好的话其他外观方面也可以接受。
",24,9
IDI-14 北京  陈同学-需要补充信息（红色标注）-关注AI,"
不可妥协
外观/芯片/操作系统/拍照","【考虑因素】拍照（可玩性，专业PS/LR上的功能-更强的P图功能），续航，外观，AI，散热；快充；系统（流畅程度，人机交互是否舒服），（价格）（品牌）；（芯片）
Q芯片：估计都是最新的，拼死拼活差不多，除非是苹果有自己的芯片

【不可妥协】拍照>系统（流畅程度，人机交互是否舒服）>续航
【可妥协】外观，AI，散热，快充，品牌，价格，芯片
【不可妥协-场景】
拍照：为了拍照买的手机，看到很好的景色，要拍摄对景色的思考，或者拍人像，XXX
系统：实用软件的体验感下降；录制视频的时候卡顿（重新录制），造成当时的损坏；游戏场景不卡顿。联想到拍照的使用流畅不卡顿
续航：各种软件都能用到，测评/导航/评论都会去看，导航软件很耗电，综合的场景（出去玩一天）需要用到
【可妥协】
外观：性能符合需求，外观扣分一点也可以接受（续航散热系统都是顶级的），外观可以忍一忍
AI：待补充（XXXXX）
散热：打游戏画质可以调低一点；
快充：70w也够用，没有这么着急
品牌：没有品牌是十全十美的，品牌说不准的
价格：旗舰手机价格很难上7k，在自己的价格范围内即可。（Q只看标准：自己喜欢小屏的旗舰，单手握持多，小屏手机轻；pro是长焦的提升，但是自己对长焦没有什么要求；或者pro的续航快充强，但是标准的续航也足够强了）；
芯片：旗舰手机基本用的最好的芯片；最在乎芯片的是玩游戏的，但是自己可以降低画质，不追求游戏的极致体验。
",24,15
IDI-21 北京  王女士-OPPO典型用户,"
不可妥协
外观/芯片/操作系统/拍照","【考虑因素】外观，拍照（效果感觉是喜欢的），生态互联

【不可妥协】拍照，生态互联
【可妥协】无线充，外观，
【有了更好】

【不可妥协-场景】
拍照：喜欢拍摄比较日常的照片；不希望人像特别的虚化和严重（人像也是可以调节的，不要过度的磨皮和虚化，更日常的拍照;之前还会拍孩子）
无线充：出去玩的时候线坏了，磁吸的感觉很方便。
XXXX待补充",24,22
IDI-4  上海  黄先生（Bella）,AI应用场景,"【知道的】
第三方的：1）腾讯元宝（集成在app里面）/chat GPT（国外app） 2）deepseek/豆包（app）
手机自带：超级小爱/蓝心小V
【分类】国内/国外

Q怎么知道手机自带：卖点之一
Q自带的和软件的区别：手机自带可以做生态？？
【待补充】

XXX
【最常用的AI-豆包】
1）场景：宿醉之后怎么解酒，怎么能不喝醉（第二天早上在家里很难受，又要早起上班）。自己在家，当时肠胃难受头痛，情绪上不想去上班。
2）如果没有AI：百度。有AI的体验：更高效，百度有的时候搜索出来的东西，有广告、医生，需要自己筛选答案是不是自己想要的。AI可以更高效的回复。
【符合预期】回答基本上是人性化的，不会很官方，人性化是自己可以读懂，不会像医生的官方回答，不会很生硬（用朋友口吻回答自己），情绪上没有这种感觉
【超预期】推荐的东西是有效的，喝一点VC、牛奶

【AI的提升期待】能更人性化，主动询问信息：附近美食在哪里，回答完之后可以过，主动的反问自己，想吃什么，更多的了解自己的喜好偏好，自己拿不定主义的时候可以闲聊模式（如果可以达到，会感觉更像一个朋友，更了解自己）",28,5
IDI-8 成都  李同学（Bella）,AI应用场景,"【知道的】修图，消除，AI软件（夸克+豆包），网站AI，chatgpt；AI接听电话（国外苹果16的siri可以接听）
Q分类：
1）生活中的日常处理：AI接听电话；修图（醒图），siri拨打电话打开app
2）高级的（期末论文+作业，更高级的资料搜集）：chatgpt，deepseek
3）搜题+生活：豆包+夸克

【手机自带的和第三方的差异】
1）效果上的差异：手机自带喂进去效果好？？，豆包生成的照片不是很真实
2）其他的差异没有很清楚了

Q苹果自带的：使用Siri；随便哗啦几下生成图形（这个是之前刷到的视频，博主发的）。
Q语音助手和手机端侧AI的关系：语音助手没有这么全面，可能要借用搜索栏的设备。比豆包全面，可以微信发消息等一步到位的操作。人工喂的东西比软件喂的少一点。Q能做的效果和事情的差异：豆包可以搜索很多资料提供结果-需要接入外部浏览器，siri就是小ai助手。

【场景-豆包-帮助和闺蜜男朋友吵架】待补充
Q如果没有AI：可能会不知所措，耽误时间，如果有AI可以生成回复会便捷很多（发小红书的时候也是AI直接生成文案）
【符合预期】很客气，不冒犯
【超预期】情商很高的回复，态度+决策
【不符合预期】这次没有，但之前搜题的时候会给错的答案，硬说成某个案例题目的答案是对的。",28,9
IDI-12 成都  卢先生（Bella）-0.2信息参考价值有限,AI应用场景,"【知道的】deepseek，文心一言，豆包（中立），chat gpt（听过）
1）写文章：文心一言
2）更全面和综合：deepseek（更智能）
3）生活娱乐：豆包模仿朋友说话的视频

【手机自带和第三方】
手机自带直接唤醒和拨通，做实质的参考，第三方AI没有那么方便。第三方有局限性，不能随时唤醒。
AI引擎搜索，可以把电话内容的核心摘要罗列出来，自己的手机有这个功能。通话界面有这个总结的功能，担心打电话之后录音，对面知道会听到。

【场景-deepseek-手机】编辑规章制度，编辑报销的规章制度，deepseek可以生成表格文档。手机上也做过，也是编辑文档。手机上主要是罗列会议纪要，需要排列和整理的内容发给它做会议纪要。
Q心情：AI的参与会方便很多，时间上比较迫切，谈论的东西很多，所有的东西都罗列出来还是有困难的，自己听录音还是有问题的。大大提升了效率，也会介绍模板去学习，可以根据模板去确认需求。
【符合预期】XXX待补充
【不满意】口水话很多，需要花时间编辑
【超预期】最终给到表格，划分的很明确可以一目了然，格式上有表格更精炼的呈现。会总结一长串文字，这个功能还是比较喜欢的。",28,13
IDI-14 北京  陈同学-需要补充信息（红色标注）-关注AI,AI应用场景,"【知道的】AI提问，XXX，XXX（待补充）；AI生成图片；AI拍照优化（图片这里的）；kimi，即梦，豆包，deepseek，chatGPT，Midjourney，
1）语言类（文本处理，聊天，询问）：kimi，豆包，deepseek，chatGPT
2）图片视频生成：Midjourney，即梦
3）办公类（做题和文本）

【手机和第三方】有概念，知道系统自带的AI。系统Ai主打好用方便，随系统来的，和系统之间的交互很贴合，随时唤醒，不用寻找软件，AI可以时刻通过系统的影像来帮助我。（开车的时候可以唤醒AI-系统中持续的提供建议）；且系统内部操作很方便（嵌入进去了），不用等到时间，效率高（不需要上传等更多的步骤）；识别屏幕（更及时）；第三方的性能更好（技术上面不如别人专门做AI的，比AI逻辑性更强，更准也更专业）

【手机用的】AI识别，文本识别，屏幕识别，文本处理，搜题的时候用自带的（最多），图片用自带的
【场景-做题-手机】上课的时候，老师用软件发布作业，在软件上写作业，直接长按识别图片，给出答案。
Q当下的心情：不想写作业，想赶紧弄完提交。没有AI用搜题软件低（需要更多步骤，截屏保存上传）。系统自动的AI识别题目后AI做题，题库没有的题也可以给答案
【超预期】方便程度很高，直接唤醒和扫描
【符合预期】准确率80%
【不及预期】听不清指令【只给答案】，给大串的解释；感觉不是很高效",28,15
IDI-20 北京  熊先生,AI应用场景,"【知道的】
手机自带：
1）图片处理：抠图，识别图片匹配调色应用到拍照，算法改善清晰度
2）来电-防骚扰/应答
3）文本：自动翻译（软件提供/手机自带）
4）智能语音助手：小爱音箱

第三方：
AI搜索（淘宝识图）：更垂类精准（自带的可能是图片搜索），教育第三方的
图片生视频
文本生视频
AI生成音乐
文本生成
AI陪伴：
教育类的-搜题（作业帮）

【手机和第三方】
手机端：不知道引入到那里（可能是百度可能是淘宝，不知道干啥）（手机不知道用户用AI功能的意图是什么，库没有那么大-手机端的智能度不够）；优势是方便（XXXXX，待补充）
三方：更知道用户要什么，淘宝的识图到某一个店家（垂类软件上的AI功能可以完成直达的结合

Q用的：
来电类的更多，稍微用一点识图（直接搜索），图片处理-抠图方便；
文字方面的：文心一言，豆包（对话和解答）；GPT（对话更好）
【场景-文心一言/豆包-手机】都不如GPT，但是汇报总结的时候用。找灵感来源的时候是GPT为主（更能提供有效的，比如自己写游戏策划的时候）。Q差异：和大模型的信息有关，整个体验结果会更好。
Q解答：要求没有那么专业，不需要那么高要求（豆包.文心一言）
【手机端侧-来电骚扰】
【符合预期】过滤掉60-80%的电话，能心情变好，不会被骚扰电话影响。
【期待】完全的过滤掉，但是感觉不是很现实

【手机端侧-识图】当前识别食物后没有反馈；手机端侧拍照识别不了品牌
【不符合预期】自动识别的时候不知道自己的意图，交互方式单一；谷歌的库可以搜索很多东西，现在手机上的只能调用百度的或者其他的；1）不会识别 2）识别的不精准
【期待】
1）希望识别热量算的清清楚楚，希望能更精准的知道自己想要什么，能定制（根据习惯），记录自己吃的热量自定义给结果。能通过跟手机对话来实现定制。妈妈买的面包，不知道热量和盒饭只要告诉食物的热量即可。
2）识别XXX，

【手机端侧-消除】拍照后消除
【符合预期】自动识别是吃的，加入美食滤镜；拍摄文字的时候直接变成文本模式；有开关，不想要的时候可以关掉
【期待】美颜都加入：不要太显胖

Q整体期待：
1）拍照的时候美颜和修图功更强大，人脸达到对皮肤的处理
1.第三方的PC上的AI功能用到手机上（像素蛋糕，自己处理相片的时候用到，可以做类似图片调色+人物美化，可以把180斤识别直接变成120斤），细节处理（雀斑皱纹可以保持皮肤质感的情况下处理；身形；）
Q场景：手机可以直接修图，现在重要的活动还是需要带相机，出片的质数更好，达到修片级别的效果
2.清晰度-比如照片拍出来电脑可以放到4-6倍（图片整体拉大后还是清晰的，保持清晰度不变的时候放大-无损放大-XXXX）Q场景：父母帮忙拍照的时候不是很清晰，如果是AI可以处理让虚化的可能性降低（放大的时候可以选择，放大变清晰，缩小的原来的尺寸更清晰，结果也是照片的质量更好。
*文生视频
2）声音的生成：AI通话不清晰的时候，不舒服声音不响亮的时候（电话对面听不清楚的时候）改善
3）文生图：
1.想去发朋友圈分享东西，写东西配图的时候，文生图直接补充上（心情类，或者不是很具像的时候需要，找不到什么照片的时候）。文生图目前用的是PC，手机调用目前还不是那么方便。
2.拍摄月亮的时候：星空长焦，拍摄很便宜的手机达到不同的效果

Q他自己搭建了什么AI模型，为何搭建，如何应用
1）图片：
1.网络环境只是在公司，目前AI的模型不能满足自己的需要，不能保证版权问题；其次是训练库不是自己需要的（比如想生成某一个人物，需要训练一个微量的模型去调整，对人物角色调整-人物动物等）
2.红包封面的生成：自己去调整
2）视频
3）文本用的最高：
1.需要专业的库的时候：比如偏工作需要的。那大量的文本设置机器人+文本框不断的喂养，调试出自己需要的AI机器人",28,21
IDI-23 武汉 阮先生,AI应用场景,"【知道的】
AI修复，修图完自动吧地面的砖头补过去。当时是比较牛的技术，第一印象觉得不可能出现。场景是不可能实现的。
小艺：那个时候不知道deepseek功能那么强大，写文章和新闻内容。
Deepseek
视频剪辑（让影视剧里面的人唱歌）
待补充XXXX
【手机和第三方】
手机自带的AI：免费，手机里面的应用启动本机应用更快，调取视频和照片会更快，第三方会涉及到一些权限的问题
第三方：更专业，可能收费

【场景-AI修图-手机】看场地，合作方看场地拍照，场地有其他的人活动。会把无关人员的标语消除掉。场地有篮球足球，公司要打篮球比赛，横幅上会显示上一个活动的标，旁边打球的小朋友要消除掉。
Q当下的心情：很平常的心情，当下就是很平静实际的场景拍摄动作
Q替代方案：会很麻烦，AI确实给了很大的帮助。拍摄静态物体的时候，AI会起到很大的作用。可以减少很多比不要的工作时间，效率更高，心情更愉悦。
【超预期】速度很快，点击后自动消除。
【符合预期】修横幅的，静态人员的时候还可以。会把直线拉直，人员也修的比较自然，还原静态场地原本的样子。
【不及预期】如果有镜子和倒影，如果是很在意细节的，AI在部分处理的不是很好",28,24
IDI-4  上海  黄先生（Bella）,长焦夜景场景,"【场景】江边夜景，灯光秀
【拍啥】人和夜景的合照（长焦比较少）
Q长焦需求：夜景多一点（江边夜景）90%，人只有10%
【典型的经历1】
出去玩在桥边上拍摄夜景，晚上10点左右，和朋友在一起。自己的心情是很惬意的刚吃好晚饭比较舒服的状态。拍摄江边河边倒影下的感觉，灯光和水的倒影。当时想记录江边悠闲，心情很放松的感觉。
Q分享：分享到朋友圈，”心情很舒适“。会得到一些点赞。发出去是想让朋友知道自己在哪里和当下的心情如何，宁波的风景怎么样。
Q体验：
【符合预期】：远景的灯光和色彩都比较饱满
【不及预期】：清晰度不够
【超出预期】：灯光颜色还原

【其他想拍摄/没有拍的】待补充XXXX
【其他看到的/想拍的效果】车水马龙，城市XX和远处的对比。",29,5
IDI-8 成都  李同学（Bella）,长焦夜景场景,"【场景】傍晚拍摄夕阳，夜间拍摄人像。还有城市的拍摄（城市搭配夕阳很好看）；人像，傍晚拍摄很好看。
【夜间】闪光灯拍照，室内拍照。拍摄人+物体（晚上买的花，逛夜市的时候拍摄街景）。
【夜景长焦】拍摄物为主
Q长焦拍摄：旅游景点，有灯的桥，都江堰的水。

【典型的经历1-339电视塔】晚上很多人，会拍摄339.春熙路那边的夜景也很好看，有一个牌子。
【春熙路街景】跟男朋友一起，去逛街吃饭。当下的心情是挺开心的，晚上8点的时候夜景灯光很好看，1倍拍摄的时候很杂乱，长焦留住主体，避免背景的杂乱，就是一个构图。有电线杆+天梯，长焦放大避免杂乱的背景。
Q分享：发给朋友+第二天分享到朋友圈（把照片发给朋友去拍摄，日常的好看的照片）。自己也有发。Q文案：城市小记，休闲的散步，小红书找文案，抖音AI文案。XXX传递的语境：XXXX传递热爱生活记录高雅的人
Q反馈：很多点赞。XXXX（待补充）",29,9
IDI-14 北京  陈同学-需要补充信息（红色标注）-关注AI,长焦夜景场景,"【傍晚夜间拍摄内容】地平线变化，街景，车流，人像
【长焦场景】距离很远的时候，用长焦拍摄。在一个桥上面拍摄对面的桥。很大的物体的局部（发光的摩天轮，其中一个车厢可以用长焦来拍摄）；
Q拍摄场景为主，拍人用中断
【典型的经历-拍人】天津和高中同学一起，傍晚用长焦拍摄一栋楼。XXXXX（待补充）。拍摄人之后，有分享给朋友看看，通过微信私发给朋友（没有在现场的朋友），朋友说拍摄的不怎么样
Q想拍摄出来的感觉：楼是方形，很规则，光有明暗很规则；希望识别对光面和暗面的拍摄能力。
Q肉眼的氛围：当时是还原和好看
【符合预期】清晰度符合，长焦拉到之后，再往前一倍；色彩还原符合预期；后期加工的时候用自带的P图功能超出预期。

【像拍摄的场景】
1）开车去山上，拍摄对面的山，山很大，但是广角画质下降，长焦拍摄不全（只能用专业相机了）
2）俯视城市，长焦拍摄的不全，广角画质下降，算法会识别不清楚城市的光（光线多，识别会乱没有主次）",29,15
IDI-21 北京  王女士-OPPO典型用户,影像卖点测试,"兴趣程度：

购买影响：
待补充XXXX",32,22
IDI-3 上海 龚女士（Bella）,新颖独特性,待补充,35,3
IDI-16 北京  季先生,新颖独特性,"6分：边框一体，感觉尺寸可以更宽一点
待补充",35,17
IDI-16 北京  季先生,购买意愿,5分：待补充,36,17
IDI-21 北京  王女士-OPPO典型用户,最有可能/不可能的安卓品牌,"最可能：OPPO一加还是很像的，没有眩光折光
Q原因：XXXX待补充

最不可能：华为，华为整个尺寸很大",37,22
IDI-12 成都  卢先生（Bella）-0.2信息参考价值有限,IP【品牌+IP】,"【喜欢的IP】
XXX待补充：特征是剧中塑造的角色和影视角色：透露的冷静沉着和运筹帷幄，领导者的感觉。喜欢角色更多。
还有就是影视，碟中谍系列，感觉拍摄是真正在做电影，很多惊险的镜头都是实拍，不是后期合成的，感觉实拍感觉很惊险刺激。类似陈龙的系列，未来拍好一部电影，可以用生命做赌注，有拼搏的感觉（不像现在的泡沫剧）
【IP联名】
恩雅和华晨宇：除了造型独特的电吉他；蜜雪冰城X中国邮政：包括店内装饰和菜单，都比较有独特性。
【恩雅和华晨宇】。本身喜欢弹吉他，且吉他有很多玩法，可以有很好的效果。第一印象是在更好的做电吉他，跟专业的歌手做联名，音质可能会很不错。设计独特好看，外观做不一样的表现。其他的没什么了。
Q后续的了解：当时被外观和独特吸引，最关键的是外观，可玩性也很强，一把吉他很多音效。后续没有购买，价格太贵（6k多买一个玩具不值得）。自己更倾向于原木吉他，只能说可玩性更高，可能违背了吉他原本的乐趣。
Q联名前印象：感觉比较低端，音色不行价格不高。Q跟华晨宇联名后变化：找专业歌手，品牌的档次感上升，做工品控感觉会更用心和扎实。
Q转变过程：【发生转变】是镂空吉他（在做独特性的新鲜事物），可以折叠，感觉打破了常规人对吉他固定的观念）木质的好携带）-创新突破传统观念；【华晨宇联名】
【vivo X蔡司】家人买过蔡司镜头怎么好，logo也很醒目，前几年手机摄影不是很好，不如现在好，蔡司出来之后觉得不一样。
【保时捷X手机】但是不知道是华为系列的名称还是联名",39,13
IDI-14 北京  陈同学-需要补充信息（红色标注）-关注AI,IP【品牌+IP】,"【喜欢的IP】火影；海贼王；边狱巴士；消失的光芒1&2；我的世界；梁朝伟；哈伦耶尔。
Q火影-路飞：注重友情，小伙子很有冲劲。初代目火影，重视责任。
梁朝伟：有忧郁的气质，长得帅，有故事感（经历过伤痛的事情，很立体）
哈伦耶尔：造型很硬朗
边狱巴士：对名著改编-红楼梦，故事线很好，改编很好（看编剧的功底）

【IP联名】KFCX原神，XXXXX（待补充），漫威蜘蛛侠X水杯
【饮料X火影】打包袋是火影的动漫角色，想要收藏袋子的冲动。第一印象觉得不可能（感觉火影不会和饮料联名）。最终去购买了，出现的几率很低，可以买一个收藏。
Q联名前后的品牌印象：没有改变，只是想买联名而已
【XX手机X原神】背面有游戏的角色，自己不关注，只是刷到了，觉得没有必要；品牌印象没有变化，联名之后觉得厂商可能要搞创新
【小米X徕卡】有专业性了，很早就知道，小米13开始联名（好奇，感觉手机上会有相机的加持，会提升手机的体验）；大师光学，用到徕卡技术；当时没有关注，没有想更换手机。
Q购买影响：徕卡的风格更多，着重风格化（徕卡联名前后，觉得小米从不注重摄影，到摄影向高端发展的变化），也提升了品牌的高端感（之前只有苹果三星有这种影像的宣传，现在小米也有了）【喜欢功能化的联名，比亚迪电池】",39,15
